Liq,SECTOR,"10-08-26
 09:07:51",JAN,SCRIP,TODAY,"TODAY
CHNG",CHART,CHNG,2Jan,27Jan,24 Feb,30Mar,28 Apr,26 May,30 June,28Jul,29Jul,30,31,3 Aug,4,5,6,7,10,11,12,13,14,17,18,19,20,21,24,25
0,INDEX,NIFTYBEES,296,NSE:NIFTYBEES,280,-0.3,,-5.5,,,-2.7,-13.8,-8.2,-8.4,-8.0,-7.5,-6.9,-6.6,,-5.4,-5.8,-5.4,-5.2,-5.5,,,,,,,,,,,,
0,SENSEX,SENSEXBETA,938,NSE:SENSEXBETA,870,0.8,,-7.2,,,,,,-9.9,-10.4,-9.9,-9.6,-8.3,,-8.3,-7.8,-7.6,-8.0,-7.2,,,,,,,,,,,,
0,INDEX,BANKBEES,615,NSE:BANKBEES,599,-0.2,,-2.6,,,2.5,-15.3,-6.8,-7.1,-2.8,-4.4,-3.8,-3.8,,-2.9,-3.0,-3.0,-2.5,-2.6,,,,,,,,,,,,
0,BULLIEN,GOLDBEES,111,NSE:GOLDBEES,123,0.7,,11.2,,15.8,18.3,9.4,10.4,16.9,4.5,5.1,5.3,5.8,,5.6,5.5,7.5,10.2,11.2,,,,,,,,,,,,
0,BULLIEN,SILVERBEES,235,NSE:SILVERBEES,220,2.7,#N/A,-6.3,,26.1,6.8,-7.9,-4.1,7.0,-9.3,-12.2,-12.1,-12.0,,-12.1,-11.9,-9.2,#N/A,-6.3,,,,,,,,,,,,
,POWER,POWERINDIA,18370,NSE:POWERINDIA,32600,2.2,,77.5,2.3,-9.1,35.7,32.7,78.6,94.0,90.7,69.4,72.0,70.7,,73.9,75.0,76.1,74.1,77.5,,,,,,,,,,,,
3,AUTO,SONACOMS,482,NSE:SONACOMS,820,3.6,,70.2,0.9,1.6,10.0,-0.2,25.3,26.4,28.9,47.8,49.8,59.1,,62.1,63.3,69.5,63.8,70.2,,,,,,,,,,,,
,PHARMA,LAURUSLABS,1116,NSE:LAURUSLABS,1854,1.3,,66.1,-0.8,-11.7,-7.6,-11.1,-1.9,22.9,36.0,57.2,59.3,59.7,,62.3,64.9,65.1,64.2,66.1,,,,,,,,,,,,
,POWER,ADANIENSOL,1033,NSE:ADANIENSOL,1620,0.0,,56.7,2.0,-21.6,0.7,-9.8,39.0,44.1,44.5,58.9,60.9,59.9,,59.4,59.0,58.0,55.6,56.7,,,,,,,,,,,,
2,DEFENCE,BHARATFORG,1476,NSE:BHARATFORG,2268,2.6,,53.6,0.2,-3.9,25.9,14.1,29.1,31.4,45.7,46.9,46.5,46.8,,49.1,47.7,49.1,49.7,53.6,,,,,,,,,,,,
,IT,OFSS,7709,NSE:OFSS,11805,0.6,,53.1,0.4,4.3,-16.1,-13.1,24.7,28.5,39.2,46.8,47.9,44.7,,48.4,50.3,52.3,51.8,53.1,,,,,,,,,,,,
2,DEFENCE,SOLARINDS,12302,NSE:SOLARINDS,18650,0.8,,51.6,0.2,4.1,8.4,-2.2,24.6,50.4,51.9,48.3,46.5,46.7,,51.2,52.1,49.5,50.7,51.6,,,,,,,,,,,,
,GOODS,ABB,5203,NSE:ABB,7596,-1.8,,46.0,0.3,-8.9,16.5,14.8,40.2,31.1,35.0,38.4,40.6,40.1,,47.1,49.2,48.3,48.7,46.0,,,,,,,,,,,,
,POWER,ADANIPOWER,149,NSE:ADANIPOWER,209,0.4,,40.3,,,,0.9,50.3,64.5,50.5,39.9,40.4,40.3,,41.8,40.9,39.2,39.9,40.3,,,,,,,,,,,,
,AUTO,MOTHERSON,121,NSE:MOTHERSON,169,9.0,,40.1,1.2,-9.5,9.7,-12.8,4.4,12.7,23.2,22.8,21.2,21.7,,28.1,24.2,28.3,27.7,40.1,,,,,,,,,,,,
,,RADICO,3214,NSE:RADICO,4483,0.3,,39.5,,,,,,,22.4,35.2,36.1,35.8,,37.7,38.5,41.2,38.9,39.5,,,,,,,,,,,,
5,PHARMA,AUROPHARMA,1190,NSE:AUROPHARMA,1658,4.4,,39.3,2.0,-5.0,-2.3,9.3,19.7,22.5,32.3,30.8,33.3,32.5,,29.7,32.9,35.7,33.3,39.3,,,,,,,,,,,,
3,GOODS,BHEL,290,NSE:BHEL,403,-1.2,,39.3,3.4,-16.8,-9.5,-15.2,22.4,44.3,44.3,40.0,39.6,39.6,,40.6,40.6,41.7,40.9,39.3,,,,,,,,,,,,
,POWER,CGPOWER,649,NSE:CGPOWER,880,0.5,,35.5,0.3,-21.3,11.3,0.7,27.8,35.6,46.4,30.0,27.8,28.3,,31.2,35.7,35.8,34.9,35.5,,,,,,,,,,,,
,POWER,GVT&D,3164,NSE:GVT&D,4285,-1.9,,35.4,,,,,,,57.2,29.9,29.8,33.2,,36.5,38.1,38.4,38.7,35.4,,,,,,,,,,,,
E,GENERAL,TATATECH,647,NSE:TATATECH,873,8.9,,35.0,1.5,0.8,-11.3,-21.4,-11.7,9.4,5.6,14.4,14.9,16.2,,17.9,18.3,16.8,24.4,35.0,,,,,,,,,,,,
E,AUTO,EXIDEIND,364,NSE:EXIDEIND,489,3.1,,34.4,1.1,-12.2,-7.4,-20.9,-2.1,0.9,6.6,15.9,19.7,25.3,,21.4,26.4,28.4,30.4,34.4,,,,,,,,,,,,
,BFSI,NAM-INDIA,875,NSE:NAM-INDIA,1175,-2.1,,34.3,,,,-8.7,17.1,24.4,32.4,31.8,33.2,31.2,,32.9,36.5,38.5,36.4,34.3,,,,,,,,,,,,
T,BFSI,FEDERALBNK,267,NSE:FEDERALBNK,358,1.3,,34.0,-0.3,6.2,10.9,-2.6,8.9,8.4,23.1,33.4,34.5,32.5,,35.2,34.3,33.2,31.7,34.0,,,,,,,,,,,,
,POWER,ADANIGREEN,1023,NSE:ADANIGREEN,1367,-0.3,,33.7,1.5,-28.2,-3.8,-21.1,22.1,43.2,45.9,34.6,34.2,32.8,,36.4,35.3,34.9,34.1,33.7,,,,,,,,,,,,
2,GENERAL,ADANIENT,2251,NSE:ADANIENT,3005,-0.7,,33.5,1.2,-14.6,-3.0,-21.6,7.3,32.1,35.1,33.4,34.4,35.5,,36.0,34.4,35.3,34.5,33.5,,,,,,,,,,,,
3,BFSI,BSE,2653,NSE:BSE,3457,0.6,,30.3,0.6,4.1,3.9,1.2,36.8,66.6,45.9,30.5,33.4,33.2,,34.8,35.6,32.3,29.5,30.3,,,,,,,,,,,,
,PHARMA,TORNTPHARM,3845,NSE:TORNTPHARM,4948,-0.2,,28.7,0.7,3.2,14.9,9.8,8.9,15.7,20.9,27.2,26.9,27.2,,30.6,30.8,29.8,29.2,28.7,,,,,,,,,,,,
2,PHARMA,DIVISLAB,6424,NSE:DIVISLAB,8252,-1.2,,28.5,-0.5,-6.1,-2.3,-7.2,0.5,5.0,2.7,15.6,21.6,21.7,,29.7,30.3,30.6,28.9,28.5,,,,,,,,,,,,
2,GOODS,SIEMENS,3080,NSE:SIEMENS,3938,-0.4,,27.8,0.6,-6.2,9.5,-4.9,24.5,19.5,16.9,19.6,18.5,19.0,,26.8,29.9,28.8,28.4,27.8,,,,,,,,,,,,
T,METAL,VEDL,218,NSE:VEDL,277,0.8,,27.2,1.9,14.4,15.5,8.9,22.7,58.2,28.9,19.1,21.7,22.3,,21.4,23.3,26.6,26.0,27.2,,,,,,,,,,,,
T,PHARMA,APOLLOHOSP,7088,NSE:APOLLOHOSP,8930,-0.5,,26.0,0.5,-3.9,8.9,5.8,9.2,16.6,22.3,26.1,25.6,26.4,,24.4,25.3,25.6,26.2,26.0,,,,,,,,,,,,
,FMCG,NYKAA,265,NSE:NYKAA,331,-0.2,,24.9,-0.4,-12.0,-1.3,-10.8,1.7,0.5,17.8,23.9,23.3,25.8,,28.7,26.9,25.5,25.1,24.9,,,,,,,,,,,,
,REALITY,KEI,4485,NSE:KEI,5598,0.1,,24.8,0.6,-17.3,7.5,-10.4,11.4,18.6,20.1,7.9,8.1,7.0,,12.0,22.6,23.1,24.4,24.8,,,,,,,,,,,,
2,BFSI,ANGELONE,234,NSE:ANGELONE,292,-1.9,,24.4,2.1,8.4,5.2,-2.4,36.1,47.2,40.6,29.2,28.8,24.5,,28.6,28.1,27.6,26.7,24.4,,,,,,,,,,,,
,POWER,PREMIERENE,847,NSE:PREMIERENE,1048,0.6,,23.8,0.1,-19.8,-7.7,6.2,22.2,20.4,24.3,19.8,21.9,16.2,,21.4,22.7,22.3,23.0,23.8,,,,,,,,,,,,
3,JEWEL,KALYANKJIL,488,NSE:KALYANKJIL,604,1.1,,23.7,1.4,-31.8,-16.4,-23.0,-15.3,-27.1,-20.7,24.5,29.1,29.4,,24.5,21.1,16.6,22.4,23.7,,,,,,,,,,,,
2,AUTO,BAJAJ-AUTO,9410,NSE:BAJAJ-AUTO,11640,0.2,,23.7,0.9,0.9,4.7,-6.9,0.8,12.7,3.0,21.2,20.4,21.6,,22.3,22.8,24.3,23.1,23.7,,,,,,,,,,,,
5,BFSI,RBLBANK,317,NSE:RBLBANK,388,-1.2,,22.3,1.3,-6.8,3.8,-8.4,1.4,8.9,16.5,15.0,17.0,19.2,,19.7,20.3,23.1,22.8,22.3,,,,,,,,,,,,
T,POWER,CUMMINSIND,4445,NSE:CUMMINSIND,5426,0.4,,22.1,1.0,-12.8,10.6,0.2,18.1,21.5,28.1,22.7,20.9,21.6,,23.7,23.7,21.5,21.6,22.1,,,,,,,,,,,,
T,JEWEL,TITAN,4060,NSE:TITAN,4944,-1.1,,21.8,-0.2,-1.4,5.7,-2.6,8.9,1.4,8.9,19.7,19.6,19.3,,20.8,20.5,20.8,23.0,21.8,,,,,,,,,,,,
,PHARMA,ZYDUSLIFE,917,NSE:ZYDUSLIFE,1115,0.7,,21.6,0.1,-2.9,-1.1,-4.2,-0.5,17.4,21.3,20.0,22.3,21.9,,21.6,22.1,21.1,20.3,21.6,,,,,,,,,,,,
T,METAL,NATIONALUM,316,NSE:NATIONALUM,381,0.0,,20.7,4.2,18.1,8.8,22.6,40.3,32.3,7.8,6.4,9.6,10.5,,15.7,20.7,20.1,20.4,20.7,,,,,,,,,,,,
E,PHARMA,PPLPHARMA,173,NSE:PPLPHARMA,209,0.4,,20.6,2.8,-12.9,-8.3,-21.1,-4.9,3.2,-3.3,11.5,12.5,13.5,,14.9,16.4,18.7,20.0,20.6,,,,,,,,,,,,
3,REALITY,POLYCAB,7658,NSE:POLYCAB,9218,-1.0,,20.4,1.9,-12.7,6.0,-10.8,8.0,25.8,30.2,19.2,18.1,16.2,,18.0,19.8,20.1,21.4,20.4,,,,,,,,,,,,
5,BFSI,BANDHANBNK,147,NSE:BANDHANBNK,176,0.8,,20.0,-1.2,1.8,23.5,-3.8,21.3,37.2,39.1,15.1,18.2,17.8,,18.2,18.8,19.6,19.6,20.0,,,,,,,,,,,,
,BFSI,PNBHOUSING,955,NSE:PNBHOUSING,1143,-0.6,,19.7,4.4,-15.5,-12.3,-20.4,9.9,14.9,9.2,12.4,11.0,8.2,,13.2,13.2,17.5,20.5,19.7,,,,,,,,,,,,
5,COMN,IDEA,11,NSE:IDEA,13,0.9,,18.8,9.5,-8.4,2.1,-20.3,-7.2,31.4,34.8,20.7,21.9,20.1,,20.0,19.4,19.8,18.0,18.8,,,,,,,,,,,,
3,FMCG,NESTLEIND,1293,NSE:NESTLEIND,1535,0.0,,18.8,-0.9,1.0,2.0,-8.7,11.5,10.8,9.4,15.5,16.5,17.5,,17.1,15.3,17.6,17.6,18.8,,,,,,,,,,,,
5,METAL,SAIL,148,NSE:SAIL,176,-0.4,,18.8,-0.5,5.4,8.0,1.9,25.5,37.4,17.0,12.0,15.6,14.0,,15.0,17.2,18.6,19.5,18.8,,,,,,,,,,,,
1,AUTO,TVSMOTOR,3746,NSE:TVSMOTOR,4441,1.5,,18.6,3.3,-4.6,2.0,-10.3,-6.6,-7.9,-7.3,6.2,8.2,12.3,,16.0,16.4,18.3,17.5,18.6,,,,,,,,,,,,
2,BFSI,UNIONBANK,155,NSE:UNIONBANK,183,0.5,,18.5,1.4,12.0,29.5,5.9,10.5,8.4,11.4,8.3,10.5,10.2,,12.2,12.0,13.0,17.2,18.5,,,,,,,,,,,,
2,METAL,HINDALCO,890,NSE:HINDALCO,1054,2.6,,18.4,4.0,7.7,4.0,-0.2,20.5,24.5,7.8,5.7,8.4,9.0,,11.3,14.4,16.4,15.3,18.4,,,,,,,,,,,,
5,BFSI,MANAPPURAM,310,NSE:MANAPPURAM,367,0.8,,18.4,0.4,-5.0,-1.3,-18.9,-5.3,6.8,4.4,16.9,19.7,18.8,,17.5,15.1,17.4,17.2,18.4,,,,,,,,,,,,
2,BFSI,MCX,2238,NSE:MCX,2638,-0.1,,17.9,-0.9,8.3,7.4,6.8,29.5,48.0,26.9,21.8,21.4,19.8,,17.8,19.2,16.1,17.7,17.9,,,,,,,,,,,,
1,BFSI,INDUSINDBK,869,NSE:INDUSINDBK,1020,0.4,,17.4,3.6,2.7,7.3,-13.2,1.8,7.6,6.1,14.0,16.4,16.3,,17.2,17.2,17.1,16.3,17.4,,,,,,,,,,,,
2,POWER,PFC,357,NSE:PFC,419,0.2,,17.4,5.0,1.6,17.5,6.3,33.3,21.5,19.0,17.6,19.5,19.5,,17.0,17.4,16.8,16.2,17.4,,,,,,,,,,,,
,GOODS,BOSCHLTD,36215,NSE:BOSCHLTD,42420,1.0,,17.1,7.6,-1.9,-2.3,-20.6,2.2,-0.9,10.5,14.2,13.5,14.9,,13.8,13.8,18.2,16.6,17.1,,,,,,,,,,,,
T,CEMENT,GRASIM,2843,NSE:GRASIM,3325,3.3,,16.9,0.8,0.6,1.3,-10.6,-2.4,11.3,9.2,9.6,9.5,9.0,,11.6,9.8,13.1,13.0,16.9,,,,,,,,,,,,
2,GOODS,DIXON,12120,NSE:DIXON,14160,-0.3,,16.8,0.4,-18.4,-12.7,-20.5,-6.3,-3.6,-1.7,14.9,17.4,18.2,,14.6,14.8,18.5,17.2,16.8,,,,,,,,,,,,
,GOODS,DELHIVERY,404,NSE:DELHIVERY,472,1.9,,16.8,0.0,-1.3,8.5,1.9,15.4,14.9,16.3,16.7,16.0,16.0,,17.3,16.9,16.2,14.7,16.8,,,,,,,,,,,,
,GOODS,AMBER,6376,NSE:AMBER,7436,0.1,,16.6,1.7,-15.3,25.2,2.5,29.1,15.1,18.3,13.2,16.4,15.7,,16.4,16.0,18.0,16.6,16.6,,,,,,,,,,,,
5,POWER,JSWENERGY,485,NSE:JSWENERGY,565,0.6,,16.6,5.0,-9.6,1.2,-2.6,19.7,19.3,20.0,12.5,12.6,12.1,,16.6,17.0,16.7,16.2,16.6,,,,,,,,,,,,
2,FMCG,MARICO,752,NSE:MARICO,860,0.0,,14.4,0.8,-0.7,7.6,-2.7,3.4,9.9,11.4,17.7,16.8,17.9,,16.3,15.4,13.7,14.6,14.4,,,,,,,,,,,,
2,GENERAL,ADANIPORTS,1478,NSE:ADANIPORTS,1686,-0.6,,14.1,0.8,-8.2,5.7,-11.2,10.9,22.5,22.5,20.4,16.5,12.4,,14.8,14.6,14.5,14.8,14.1,,,,,,,,,,,,
5,BFSI,ABCAPITAL,358,NSE:ABCAPITAL,408,-3.2,,13.9,0.8,-2.4,-2.1,-17.5,-5.4,1.5,9.6,9.2,11.0,9.9,,17.3,16.4,17.4,17.8,13.9,,,,,,,,,,,,
,REALTY,LODHA,1068,NSE:LODHA,1208,-0.5,,13.1,1.7,-17.2,-2.2,-36.4,-17.5,-15.4,-10.4,22.7,22.0,20.6,,15.5,16.0,16.7,14.6,13.1,,,,,,,,,,,,
2,FMCG,ETERNAL,280,NSE:ETERNAL,316,-0.2,,12.9,1.6,-9.7,-9.0,-18.0,-7.6,-10.2,-5.2,10.0,11.5,10.9,,10.4,11.1,11.2,13.2,12.9,,,,,,,,,,,,
2,PHARMA,SUNPHARMA,1728,NSE:SUNPHARMA,1946,-0.3,,12.6,0.1,-5.4,0.6,2.0,1.2,6.6,8.1,14.4,15.0,16.0,,12.6,13.3,12.5,12.7,12.6,,,,,,,,,,,,
2,PHARMA,LUPIN,2113,NSE:LUPIN,2371,-0.6,,12.2,-0.2,2.1,6.6,9.4,9.0,6.8,14.5,13.5,16.2,14.5,,12.4,12.6,12.8,13.0,12.2,,,,,,,,,,,,
5,PHARMA,GLENMARK,2041,NSE:GLENMARK,2285,0.7,,11.9,1.5,-1.7,1.5,4.0,17.4,15.6,8.1,6.9,11.0,8.1,,8.5,8.6,10.7,10.5,11.9,,,,,,,,,,,,
,PHARMA,MANKIND,2201,NSE:MANKIND,2455,1.4,,11.5,0.0,-4.8,-6.4,-8.7,2.9,9.7,16.1,19.0,17.5,16.8,,12.5,11.5,10.9,10.2,11.5,,,,,,,,,,,,
2,BFSI,SHRIRAMFIN,1000,NSE:SHRIRAMFIN,1115,-2.3,,11.5,1.0,0.1,6.5,-13.1,-4.8,-4.7,4.6,4.5,4.4,2.9,,8.0,8.0,11.6,13.8,11.5,,,,,,,,,,,,
5,BFSI,SAMMAANCAP,147,NSE:SAMMAANCAP,163,-2.3,,11.3,1.1,-5.5,5.3,1.3,-2.6,14.5,18.5,11.0,10.4,8.9,,9.6,9.1,10.0,13.7,11.3,,,,,,,,,,,,
2,DEFENCE,HAL,4413,NSE:HAL,4908,-0.3,,11.2,0.1,-1.0,-10.4,-20.9,-1.4,0.5,-0.8,4.1,3.8,4.0,,5.5,5.1,5.0,11.8,11.2,,,,,,,,,,,,
T,BFSI,SBIN,987,NSE:SBIN,1097,1.1,,11.1,1.8,6.2,24.3,-0.6,10.8,-1.8,4.3,2.8,2.7,3.7,,4.8,4.7,6.8,10.0,11.1,,,,,,,,,,,,
2,GOODS,PIDILITIND,1494,NSE:PIDILITIND,1660,-1.5,,11.1,-1.2,-3.5,-0.6,-13.7,-6.6,-1.1,6.6,8.9,9.1,9.1,,8.9,8.1,10.2,11.6,11.1,,,,,,,,,,,,
,BFSI,NUVAMA,1485,NSE:NUVAMA,1648,-0.6,,11.0,-1.0,-16.2,-13.8,-24.2,-6.8,1.0,22.0,21.2,23.0,21.2,,18.9,14.4,13.0,12.7,11.0,,,,,,,,,,,,
,FMCG,PAGEIND,36000,NSE:PAGEIND,39880,-0.4,,10.8,-0.7,-11.5,-7.3,-10.6,4.2,6.6,15.2,12.4,12.1,14.5,,11.5,10.7,10.9,10.8,10.8,,,,,,,,,,,,
,METAL,JSWSTEEL,1172,NSE:JSWSTEEL,1298,-0.7,,10.8,0.5,4.2,7.2,-4.9,9.6,10.4,4.9,6.6,8.7,8.2,,9.2,10.1,13.5,11.4,10.8,,,,,,,,,,,,
3,BFSI,PAYTM,1304,NSE:PAYTM,1441,-0.1,,10.5,2.5,-13.4,-13.0,-27.1,-13.4,-13.1,-11.9,0.4,2.2,2.0,,8.2,7.7,9.8,10.8,10.5,,,,,,,,,,,,
,FMCG,PGEL,577,NSE:PGEL,631,3.5,#N/A,9.4,4.3,-10.3,6.6,-18.3,-1.9,-18.9,-7.4,1.4,6.1,6.6,,7.1,6.8,5.0,#N/A,9.4,,,,,,,,,,,,
,BFSI,CHOLAFIN,1713,NSE:CHOLAFIN,1871,-3.6,,9.2,3.8,-4.3,1.5,-21.1,-10.4,-8.5,4.9,3.0,5.0,3.7,,9.2,9.1,9.8,13.3,9.2,,,,,,,,,,,,
T,AUTO,EICHERMOT,7333,NSE:EICHERMOT,8000,0.4,,9.1,0.2,-2.6,7.9,-10.0,-3.5,0.3,-3.2,7.1,6.3,7.9,,8.7,7.8,9.0,8.2,9.1,,,,,,,,,,,,
1,BFSI,BAJFINANCE,993,NSE:BAJFINANCE,1081,-5.6,,8.9,-0.2,-8.1,3.1,-19.2,-7.3,-6.1,1.5,5.8,5.8,6.6,,15.1,15.2,16.2,16.1,8.9,,,,,,,,,,,,
T,PHARMA,BIOCON,396,NSE:BIOCON,427,-2.3,,7.9,-0.5,-8.8,-1.0,-9.0,-8.4,10.4,5.6,9.6,9.0,7.7,,8.0,7.5,7.5,10.4,7.9,,,,,,,,,,,,
,PHARMA,FORTIS,890,NSE:FORTIS,960,4.3,,7.8,2.8,-4.7,3.7,-9.9,7.4,8.7,7.6,6.4,6.7,6.5,,5.4,3.9,3.9,3.2,7.8,,,,,,,,,,,,
2,BFSI,AUBANK,1001,NSE:AUBANK,1069,-1.8,,6.8,-0.1,-4.1,0.4,-15.9,2.2,1.8,3.5,5.0,4.3,3.2,,4.8,4.2,5.0,8.2,6.8,,,,,,,,,,,,
2,IT,COFORGE,1668,NSE:COFORGE,1780,0.4,,6.7,-0.9,0.1,-26.8,-33.2,-27.6,-14.7,-11.9,1.0,2.4,4.7,,5.9,4.0,5.7,6.6,6.7,,,,,,,,,,,,
,REALTY,OBEROIRLTY,1672,NSE:OBEROIRLTY,1775,-0.1,,6.2,3.4,-13.9,-9.6,-15.5,2.6,2.1,5.7,9.4,9.9,8.6,,9.6,6.9,8.5,6.3,6.2,,,,,,,,,,,,
,BFSI,INDIANB,839,NSE:INDIANB,886,0.9,,5.6,2.6,5.0,17.8,1.1,7.2,-0.4,-2.6,-0.5,-1.5,-1.5,,0.1,0.4,1.0,4.6,5.6,,,,,,,,,,,,
1,BFSI,ICICIBANK,1351,NSE:ICICIBANK,1425,-2.2,,5.5,0.3,1.2,2.6,-10.3,-4.5,-5.2,2.2,5.0,6.5,5.9,,7.1,6.6,6.9,7.9,5.5,,,,,,,,,,,,
1,GENERAL,INDIGO,5077,NSE:INDIGO,5349,0.6,,5.4,0.5,-6.6,-4.3,-22.2,-12.1,-11.7,5.2,4.0,4.0,2.8,,6.2,4.8,6.7,5.0,5.4,,,,,,,,,,,,
,BFSI,CAMS,746,NSE:CAMS,785,-1.8,,5.2,1.4,-6.1,-4.4,-16.1,2.7,3.8,6.9,7.3,6.3,6.3,,6.8,8.5,8.8,7.2,5.2,,,,,,,,,,,,
,AUTO,TIINDIA,2635,NSE:TIINDIA,2770,0.6,,5.1,-1.2,-19.9,-2.8,-4.8,14.5,15.1,14.7,7.0,5.9,2.2,,3.8,3.9,5.2,4.9,5.1,,,,,,,,,,,,
,BFSI,YESBANK,22,NSE:YESBANK,23,0.0,,4.6,2.8,-2.4,-3.9,-20.3,-7.9,5.1,11.8,5.2,5.3,3.9,,5.2,5.4,5.6,5.0,4.6,,,,,,,,,,,,
,METAL,JINDALSTEL,1056,NSE:JINDALSTEL,1103,0.2,,4.5,2.3,2.8,16.9,5.1,19.8,16.0,0.4,-0.2,3.1,3.7,,5.4,5.6,5.6,4.1,4.5,,,,,,,,,,,,
3,FMCG,UNITDSPR,1448,NSE:UNITDSPR,1512,-0.8,,4.4,-4.9,-10.4,-1.8,-15.7,-5.2,-10.6,-6.4,4.3,3.8,5.8,,5.2,5.3,5.3,5.1,4.4,,,,,,,,,,,,
2,METAL,TATASTEEL,181,NSE:TATASTEEL,188,-0.7,,3.7,0.9,6.2,15.4,5.8,19.0,16.2,4.2,1.0,3.5,3.2,,4.3,4.9,6.1,4.7,3.7,,,,,,,,,,,,
,POWER,NTPC,332,NSE:NTPC,344,-0.3,,3.7,5.6,4.1,15.9,11.6,22.6,17.4,7.8,3.4,3.5,4.0,,4.7,3.0,4.9,3.9,3.7,,,,,,,,,,,,
2,POWER,COALINDIA,399,NSE:COALINDIA,414,-0.5,,3.6,7.0,5.4,8.1,12.8,17.1,14.2,10.2,2.9,2.7,4.6,,3.8,3.9,3.7,3.4,3.6,,,,,,,,,,,,
,BFSI,MOTILALOFS,842,NSE:MOTILALOFS,870,-0.5,,3.3,,,,-24.7,-6.9,3.4,13.1,1.4,1.7,-0.6,,3.0,3.0,4.6,2.9,3.3,,,,,,,,,,,,
2,REALITY,ASTRAL,1397,NSE:ASTRAL,1443,0.1,,3.3,4.0,0.2,18.7,14.4,10.7,12.5,-4.7,4.9,5.5,5.3,,3.8,3.1,3.1,3.2,3.3,,,,,,,,,,,,
3,FMCG,DMART,3796,NSE:DMART,3900,-0.8,,2.7,-2.0,-3.0,1.2,5.4,19.3,7.7,15.0,1.4,1.4,2.4,,5.5,5.3,4.3,3.9,2.7,,,,,,,,,,,,
R,POWER,TORNTPOWER,1317,NSE:TORNTPOWER,1352,2.0,,2.7,6.0,-0.5,17.3,-0.7,33.3,12.0,6.8,8.9,8.7,8.2,,5.9,2.0,0.6,0.9,2.7,,,,,,,,,,,,
,OIL,OIL,428,NSE:OIL,439,-1.2,,2.6,0.1,4.6,10.8,10.1,16.4,15.2,-2.3,4.5,4.6,6.9,,5.5,4.8,3.9,4.1,2.6,,,,,,,,,,,,
3,REALITY,GODREJPROP,2016,NSE:GODREJPROP,2068,-0.7,,2.6,2.6,-32.4,-11.6,-27.1,-9.4,-12.9,-7.4,6.4,6.8,5.0,,2.7,0.9,4.6,3.9,2.6,,,,,,,,,,,,
1,AUTO,TECHM,1599,NSE:TECHM,1639,0.4,,2.5,0.8,8.5,-15.4,-11.5,-11.7,-8.7,-12.1,1.9,2.7,3.9,,3.2,2.8,2.9,2.3,2.5,,,,,,,,,,,,
,POWER,POWERGRID,265,NSE:POWERGRID,272,0.3,,2.3,2.1,-4.1,14.7,11.4,20.4,10.3,7.9,7.5,6.8,7.5,,7.1,6.2,6.2,2.0,2.3,,,,,,,,,,,,
,PHARMA,ALKEM,5510,NSE:ALKEM,5634,0.6,,2.2,1.3,4.3,-0.5,-3.8,-1.8,-2.2,1.6,2.7,3.1,5.5,,3.0,2.8,2.7,1.6,2.2,,,,,,,,,,,,
5,METAL,NMDC,83,NSE:NMDC,85,-1.1,,2.2,1.3,-5.2,-3.0,-8.5,9.5,8.8,2.2,0.8,3.1,2.1,,-0.2,1.4,2.7,2.8,2.2,,,,,,,,,,,,
2,BFSI,RECLTD,359,NSE:RECLTD,366,1.4,,2.1,6.0,2.0,-1.1,-14.9,4.2,-5.8,1.2,2.7,4.4,4.6,,2.6,2.7,1.9,1.3,2.1,,,,,,,,,,,,
T,REALITY,APLAPOLLO,1927,NSE:APLAPOLLO,1967,1.1,,2.1,0.2,6.9,14.2,1.0,3.5,-2.4,-7.0,-4.1,-2.9,-1.8,,1.0,0.2,1.7,1.5,2.1,,,,,,,,,,,,
3,GENERAL,GMRAIRPORT,105,NSE:GMRAIRPORT,107,-0.1,,1.8,0.9,-12.8,-2.4,-19.5,-6.3,-8.0,7.5,3.0,2.4,-0.5,,1.0,1.1,1.8,1.1,1.8,,,,,,,,,,,,
,PHARMA,MAXHEALTH,1050,NSE:MAXHEALTH,1068,-0.4,,1.7,1.0,-7.7,2.9,-8.6,-4.4,-5.5,7.5,5.1,5.9,7.0,,3.8,1.5,2.3,1.6,1.7,,,,,,,,,,,,
,REALITY,PHOENIXLTD,1863,NSE:PHOENIXLTD,1894,-1.0,,1.6,1.8,-9.0,-8.9,-19.5,-5.0,-3.9,5.4,9.5,2.1,1.3,,2.4,4.5,3.5,2.7,1.6,,,,,,,,,,,,
T,CEMENT,ULTRACEMCO,11866,NSE:ULTRACEMCO,12041,-0.3,,1.5,0.5,5.8,9.1,-9.0,-0.4,-1.8,-4.9,1.0,1.0,-0.1,,1.2,1.0,2.7,2.0,1.5,,,,,,,,,,,,
,GOODS,SUPREMEIND,3380,NSE:SUPREMEIND,3427,-1.4,,1.4,4.3,2.3,17.2,10.6,7.7,5.6,-6.6,0.7,2.9,2.2,,4.4,4.1,2.6,2.1,1.4,,,,,,,,,,,,
3,BFSI,IIFL,613,NSE:IIFL,619,1.6,,0.9,4.8,-16.1,-17.8,-30.4,-28.1,-22.6,-17.5,-5.3,-3.5,-0.9,,0.8,-1.3,-0.8,-0.5,0.9,,,,,,,,,,,,
1,DEFENCE,MAZDOCK,2504,NSE:MAZDOCK,2525,-0.2,,0.8,-0.4,-6.6,-9.8,-17.4,7.5,-1.6,-0.7,-8.4,-7.8,-7.1,,-4.8,-4.6,-5.1,1.1,0.8,,,,,,,,,,,,
2,DEFENCE,BEL,402,NSE:BEL,402,0.7,,0.0,0.3,3.8,8.2,-0.1,8.6,4.6,2.6,-3.2,-3.6,-4.3,,-3.4,-3.0,-3.1,-0.7,0.0,,,,,,,,,,,,
2,AUTO,ASHOKLEY,177,NSE:ASHOKLEY,177,-0.3,,-0.1,5.7,8.3,18.9,-12.8,-5.3,-9.2,-10.9,-10.5,-10.9,-10.3,,-1.5,-2.1,-0.7,0.2,-0.1,,,,,,,,,,,,
2,POWER,TATAPOWER,382,NSE:TATAPOWER,382,0.9,,-0.1,2.7,-9.2,-0.5,-0.9,20.9,10.2,1.2,-2.9,-1.4,-1.6,,-0.2,-0.3,-0.3,-0.9,-0.1,,,,,,,,,,,,
,BFSI,BANKINDIA,145,NSE:BANKINDIA,144,1.2,,-0.1,3.2,11.6,21.5,-5.4,-0.1,0.5,-2.6,-5.7,-4.7,-4.9,,-3.6,-3.4,-2.6,-1.3,-0.1,,,,,,,,,,,,
,AUTO,UNOMINDA,1287,NSE:UNOMINDA,1285,0.6,,-0.1,2.7,-11.1,-8.5,-20.0,-12.3,-13.7,-15.0,-9.5,-9.2,-8.9,,-6.3,-4.9,-2.6,-1.8,-0.1,,,,,,,,,,,,
,FMCG,GODFRYPHLP,2290,NSE:GODFRYPHLP,2286,-0.2,,-0.2,,,,,-7.5,0.4,-5.1,-11.0,-9.4,-6.8,,-1.9,2.2,1.6,0.4,-0.2,,,,,,,,,,,,
T,POWER,GAIL,173,NSE:GAIL,172,-2.5,,-0.7,1.3,-7.5,-2.7,-20.4,-4.3,-3.2,-0.5,1.2,1.0,0.2,,0.4,1.4,1.0,1.5,-0.7,,,,,,,,,,,,
3,HOTEL,INDHOTEL,740,NSE:INDHOTEL,735,-0.1,,-0.7,1.0,-13.9,-8.4,-22.8,-11.6,-10.8,-3.3,-0.4,-0.2,1.1,,0.8,0.8,-0.7,-0.9,-0.7,,,,,,,,,,,,
3,BFSI,IDFCFIRSTB,86,NSE:IDFCFIRSTB,85,-0.5,,-0.7,0.4,-2.5,-17.3,-31.2,-19.4,-17.9,-7.3,0.4,-0.6,-1.0,,-0.9,0.0,-0.4,-0.8,-0.7,,,,,,,,,,,,
,BFSI,BAJAJHLDNG,11400,NSE:BAJAJHLDNG,11283,-0.9,#N/A,-1.0,-1.8,-7.4,-0.5,-23.3,-9.7,-6.0,-6.8,-5.4,-4.0,-4.2,,0.2,-0.3,0.8,#N/A,-1.0,,,,,,,,,,,,
1,AUTO,HEROMOTOCO,5797,NSE:HEROMOTOCO,5732,3.3,,-1.1,2.3,-7.5,-4.8,-12.7,-12.3,-14.0,-17.2,-11.0,-11.1,-8.1,,-6.6,-3.8,-2.0,-3.7,-1.1,,,,,,,,,,,,
3,REALTY,PRESTIGE,1600,NSE:PRESTIGE,1581,0.2,,-1.2,1.3,-14.1,-10.5,-29.5,-12.1,-12.2,-3.0,5.6,4.1,-0.5,,2.2,0.0,-0.3,-1.5,-1.2,,,,,,,,,,,,
,BFSI,360ONE,1185,NSE:360ONE,1168,-1.5,,-1.4,1.3,-6.7,-5.5,-21.1,-12.2,-5.0,-9.9,-5.0,-1.9,-4.0,,-3.7,-2.3,0.4,0.1,-1.4,,,,,,,,,,,,
1,GENERAL,LT,4108,NSE:LT,4040,-0.5,,-1.6,1.4,-8.0,4.0,-14.7,-1.6,-1.7,0.9,-6.8,-4.4,-4.1,,-2.7,-2.6,-1.5,-1.1,-1.6,,,,,,,,,,,,
5,GOODS,CROMPTON,254,NSE:CROMPTON,249,-7.7,,-1.9,-0.8,-13.7,3.1,-11.7,5.9,14.0,8.1,-2.5,4.3,2.3,,4.8,4.4,4.3,5.6,-1.9,,,,,,,,,,,,
2,BFSI,BAJAJFINSV,2045,NSE:BAJAJFINSV,2004,-3.9,,-2.0,-0.3,-6.2,0.0,-20.0,-13.0,-11.6,-13.4,-5.7,-5.8,-6.7,,1.9,1.8,1.7,1.9,-2.0,,,,,,,,,,,,
2,CEMENT,SHREECEM,26660,NSE:SHREECEM,26095,-0.6,,-2.1,1.6,1.8,-0.4,-13.7,-5.7,-5.3,-5.0,0.2,0.4,-0.6,,0.6,1.1,0.5,-1.0,-2.1,,,,,,,,,,,,
1,OIL,ONGC,242,NSE:ONGC,237,-0.2,,-2.1,-0.2,2.3,14.3,17.5,24.5,18.5,-3.0,-1.5,-1.8,-0.5,,-0.7,-0.2,-1.3,-2.2,-2.1,,,,,,,,,,,,
3,METAL,HINDZINC,616,NSE:HINDZINC,603,2.2,,-2.2,1.8,15.2,-2.7,-17.1,0.1,5.1,-13.4,-14.4,-12.4,-12.9,,-11.3,-8.6,-3.1,-4.3,-2.2,,,,,,,,,,,,
2,REALITY,ASIANPAINT,2783,NSE:ASIANPAINT,2721,-1.2,,-2.2,-0.4,-5.9,-13.2,-22.1,-11.7,-5.0,-5.1,-1.6,-0.8,-1.2,,-0.3,-1.3,-0.9,-1.0,-2.2,,,,,,,,,,,,
1,BFSI,AXISBANK,1274,NSE:AXISBANK,1242,-1.1,,-2.5,-0.4,3.6,8.8,-8.3,1.2,2.2,6.1,-3.9,-3.0,-3.4,,-1.7,-2.0,-1.5,-1.4,-2.5,,,,,,,,,,,,
2,OIL REFINE,PETRONET,285,NSE:PETRONET,278,0.4,,-2.6,1.9,-3.0,7.6,-13.1,-2.5,-1.5,-1.5,-2.3,-2.7,-2.2,,-1.1,-1.9,-1.3,-2.6,-2.6,,,,,,,,,,,,
3,BFSI,LTF,316,NSE:LTF,307,-3.0,,-2.7,1.1,-8.9,-5.3,-23.6,-9.3,-10.4,-1.8,-1.0,-1.9,-3.1,,0.7,1.0,1.2,0.6,-2.7,,,,,,,,,,,,
2,PHARMA,CIPLA,1516,NSE:CIPLA,1470,-0.5,,-3.0,-0.4,-15.4,-12.3,-19.4,-13.5,-6.4,-3.2,-4.5,-2.8,-3.2,,-3.7,-4.2,-3.7,-2.8,-3.0,,,,,,,,,,,,
3,FMCG,COLPAL,2092,NSE:COLPAL,2027,-0.1,,-3.1,0.1,2.8,7.0,-14.2,1.9,-0.1,-4.4,2.4,3.9,-0.4,,-1.6,-3.5,-2.9,-3.1,-3.1,,,,,,,,,,,,
,POWER,NHPC,80,NSE:NHPC,77,-0.7,,-3.2,5.0,-5.2,-4.6,-7.8,7.6,-1.4,2.4,-1.6,-2.0,-1.7,,0.5,1.1,-1.6,-2.5,-3.2,,,,,,,,,,,,
5,POWER,CONCOR,527,NSE:CONCOR,507,-1.0,,-3.8,1.0,-8.7,-3.9,-19.5,-3.2,-9.8,-9.4,-0.5,-0.2,-0.2,,-0.5,-2.3,-1.5,-2.9,-3.8,,,,,,,,,,,,
,GOODS,KAYNES,4027,NSE:KAYNES,3850,0.5,,-4.4,-1.2,-19.7,-4.1,-15.1,2.4,-18.1,-22.3,-19.3,-9.2,-9.9,,-5.5,-3.7,-3.2,-4.6,-4.4,,,,,,,,,,,,
,AUTO,HYUNDAI,2311,NSE:HYUNDAI,2197,-0.7,,-4.9,,,,-23.0,-20.9,-18.3,-17.5,-13.3,-13.8,-11.7,,-4.5,-3.9,-4.6,-4.4,-4.9,,,,,,,,,,,,
1,BFSI,HDFCAMC,2688,NSE:HDFCAMC,2551,0.5,,-5.1,-1.1,-10.5,0.1,-17.7,3.0,1.9,-1.2,-5.7,-5.4,-5.2,,-4.2,-5.7,-4.9,-5.6,-5.1,,,,,,,,,,,,
3,BFSI,IEX,135,NSE:IEX,127,-1.1,,-5.3,0.0,-5.3,-6.2,-14.5,-6.4,-5.0,-7.0,-1.9,-0.4,-2.3,,-5.4,-4.1,-3.7,-4.9,-5.3,,,,,,,,,,,,
2,GOODS,VOLTAS,1361,NSE:VOLTAS,1283,0.6,,-5.7,4.8,-1.5,13.0,-5.9,11.4,-6.4,-5.9,-3.5,-3.2,-1.7,,-2.5,-3.4,-4.0,-6.2,-5.7,,,,,,,,,,,,
,DEFENCE,COCHINSHIP,1622,NSE:COCHINSHIP,1521,2.1,#N/A,-6.2,,,,-26.3,4.8,-5.8,-6.7,-14.4,-13.7,-13.4,,-11.1,-11.7,-12.5,#N/A,-6.2,,,,,,,,,,,,
1,AUTO,M&M,3737,NSE:M&M,3502,2.8,,-6.3,1.7,-10.1,-7.9,-20.7,-17.5,-16.8,-17.7,-12.2,-13.6,-11.8,,-9.1,-8.7,-7.4,-8.6,-6.3,,,,,,,,,,,,
2,AUTO,TMPV,370,NSE:TMPV,346,0.2,,-6.5,0.1,-8.8,1.7,-19.7,-5.0,4.3,-4.9,-12.2,-10.8,-9.4,,-6.2,-6.7,-6.2,-7.1,-6.5,,,,,,,,,,,,
5,BFSI,LICHSGFIN,541,NSE:LICHSGFIN,504,-0.2,,-6.9,0.8,-5.3,-1.7,-8.3,1.4,0.3,4.5,1.1,2.0,0.0,,-4.6,-5.3,-5.4,-6.7,-6.9,,,,,,,,,,,,
5,REALTY,DLF,692,NSE:DLF,643,0.2,,-7.1,0.9,-13.3,-11.3,-27.2,-15.0,-14.9,-10.4,-4.1,-3.1,-5.3,,-4.3,-6.6,-5.7,-7.2,-7.1,,,,,,,,,,,,
1,COMN,BHARTIARTL,2120,NSE:BHARTIARTL,1956,0.4,,-7.7,-0.5,-7.0,-8.3,-15.6,-12.7,-12.9,-12.5,-10.2,-8.2,-8.2,,-7.9,-7.8,-7.4,-8.2,-7.7,,,,,,,,,,,,
2,BFSI,PNB,125,NSE:PNB,115,0.4,,-7.9,0.9,-0.9,5.2,-19.1,-10.5,-14.9,-14.3,-10.2,-10.8,-10.2,,-9.2,-8.7,-8.8,-8.1,-7.9,,,,,,,,,,,,
1,PHARMA,DRREDDY,1273,NSE:DRREDDY,1169,-0.2,,-8.2,-1.2,-2.8,2.2,-1.6,5.9,4.5,6.9,-10.9,-10.2,-10.1,,-8.1,-8.8,-7.4,-7.8,-8.2,,,,,,,,,,,,
3,GENERAL,NAUKRI,1341,NSE:NAUKRI,1229,-0.9,,-8.4,1.7,-4.5,-23.6,-28.1,-24.7,-26.8,-26.9,-8.0,-6.9,-7.2,,-5.7,-6.0,-8.2,-8.1,-8.4,,,,,,,,,,,,
,BFSI,CDSL,1454,NSE:CDSL,1330,-0.1,,-8.5,0.9,-9.2,-8.7,-22.9,-8.9,-15.3,-10.3,-7.3,-7.2,-8.0,,-9.1,-7.8,-8.5,-8.6,-8.5,,,,,,,,,,,,
,BFSI,LICI,430,NSE:LICI,393,1.3,,-8.7,0.3,-6.2,3.1,-15.4,-4.8,-0.3,0.7,-0.6,-1.6,-1.5,,-1.3,-9.0,-8.5,-9.9,-8.7,,,,,,,,,,,,
,POWER,WAAREEENER,2986,NSE:WAAREEENER,2717,2.1,,-9.0,-4.2,-10.5,1.8,4.2,16.0,3.4,-1.1,-9.9,-8.7,-11.8,,-10.1,-10.3,-10.2,-10.6,-9.0,,,,,,,,,,,,
5,COMN,INDUSTOWER,423,NSE:INDUSTOWER,386,0.0,,-8.7,4.5,0.2,11.3,-1.8,-2.0,2.7,-7.1,-10.0,-8.7,-7.2,,-7.4,-7.8,-8.5,-8.7,-9.0,,,,,,,,,,,,
3,BFSI,SBILIFE,2048,NSE:SBILIFE,1860,-0.1,,-9.2,0.7,-0.6,1.9,-13.1,-11.7,-7.9,-13.2,-7.8,-7.4,-8.8,,-6.5,-8.6,-8.4,-8.9,-9.2,,,,,,,,,,,,
,POWER,SUZLON,53,NSE:SUZLON,48,0.0,,-9.3,2.3,-14.8,-16.4,-25.3,8.1,3.0,11.1,-9.5,-10.4,-10.6,,-8.1,-9.5,-9.4,-9.3,-9.3,,,,,,,,,,,,
3,FMCG,BRITANNIA,6073,NSE:BRITANNIA,5508,1.9,,-9.3,-1.4,-3.3,1.6,-10.8,-6.6,-11.9,-15.1,-9.7,-8.9,-8.9,,-9.8,-10.5,-10.4,-10.8,-9.3,,,,,,,,,,,,
3,FMCG,TATACONSUM,1199,NSE:TATACONSUM,1082,-0.7,,-9.7,-2.3,-0.8,-1.9,-15.5,-4.3,-0.8,-10.5,-9.3,-8.9,-8.7,,-8.3,-9.5,-9.2,-9.3,-9.7,,,,,,,,,,,,
2,FMCG,HINDUNILVR,2326,NSE:HINDUNILVR,2096,0.8,,-9.9,1.0,3.2,1.7,-11.6,-1.5,-5.2,-8.7,-13.2,-8.9,-9.4,,-8.9,-10.5,-10.4,-10.3,-9.9,,,,,,,,,,,,
,GOODS,HAVELLS,1431,NSE:HAVELLS,1286,0.0,,-10.1,0.7,-10.5,-2.1,-16.5,-11.1,-15.8,-19.1,-14.2,-13.4,-11.8,,-10.2,-10.1,-10.0,-10.1,-10.1,,,,,,,,,,,,
3,FMCG,VBL,493,NSE:VBL,442,-0.5,,-10.3,0.2,-4.7,-6.2,-22.0,5.5,8.0,3.6,-12.8,-9.2,-8.4,,-9.7,-10.7,-11.0,-10.1,-10.3,,,,,,,,,,,,
,BFSI,MFSL,1689,NSE:MFSL,1510,-0.6,,-10.6,-0.9,-7.6,9.1,-12.6,-4.6,2.0,-6.1,-10.5,-10.0,-10.5,,-9.2,-10.8,-9.9,-9.9,-10.6,,,,,,,,,,,,
,IT,MPHASIS,2804,NSE:MPHASIS,2487,2.7,,-11.3,0.2,0.7,-20.6,-26.3,-19.0,-18.4,-22.6,-13.8,-16.2,-16.3,,-13.9,-15.0,-13.3,-14.2,-11.3,,,,,,,,,,,,
,AUTO,FORCEMOT,20860,NSE:FORCEMOT,18500,-1.0,,-11.3,,,,,-0.2,-4.8,-10.8,-17.6,-16.9,-15.6,,-11.6,-12.1,-11.1,-10.4,-11.3,,,,,,,,,,,,
1,BFSI,KOTAKBANK,443,NSE:KOTAKBANK,389,-1.2,,-12.0,-1.0,-7.4,-3.3,-20.2,-14.7,-12.0,-10.5,-12.8,-12.0,-12.4,,-11.4,-10.8,-10.2,-10.7,-12.0,,,,,,,,,,,,
,DEFENCE,BDL,1473,NSE:BDL,1293,-0.5,,-12.2,1.3,0.4,-15.6,-25.9,-4.8,-9.7,-6.5,-14.1,-14.5,-15.4,,-14.5,-14.1,-15.9,-11.8,-12.2,,,,,,,,,,,,
2,FMCG,JUBLFOOD,555,NSE:JUBLFOOD,487,3.0,,-12.3,-0.5,-13.3,-6.1,-21.3,-13.5,-22.7,-24.8,-22.3,-20.6,-20.7,,-15.3,-16.2,-12.1,-14.7,-12.3,,,,,,,,,,,,
2,BFSI,POLICYBZR,1836,NSE:POLICYBZR,1610,0.7,,-12.3,-2.8,-13.6,-18.3,-22.4,-9.2,-3.3,-10.7,-13.3,-12.3,-13.2,,-11.3,-13.0,-11.4,-13.4,-12.3,,,,,,,,,,,,
2,IT,PERSISTENT,6288,NSE:PERSISTENT,5475,0.3,,-12.9,0.1,-0.8,-25.6,-22.9,-23.6,-18.6,-31.2,-13.5,-13.1,-12.4,,-12.0,-12.9,-11.9,-12.9,-12.9,,,,,,,,,,,,
,GOODS,BLUESTARCO,1741,NSE:BLUESTARCO,1514,-3.6,,-13.0,3.4,-5.0,13.0,-7.4,8.3,-6.0,-6.9,-5.8,-3.2,-2.1,,-0.7,-3.0,-5.5,-9.8,-13.0,,,,,,,,,,,,
,BFSI,KFINTECH,1077,NSE:KFINTECH,936,0.7,,-13.1,0.8,-5.0,-6.9,-19.2,-11.1,-22.4,-18.2,-10.0,-12.0,-12.7,,-12.3,-12.0,-11.9,-13.8,-13.1,,,,,,,,,,,,
,BFSI,JIOFIN,297,NSE:JIOFIN,257,0.0,,-13.5,1.6,-15.5,-13.8,-24.4,-15.5,-18.8,-20.3,-20.0,-16.2,-16.9,,-11.8,-10.9,-11.8,-11.0,-13.2,,,,,,,,,,,,
,FMCG,GODREJCP,1230,NSE:GODREJCP,1050,-2.5,,-14.6,0.5,-4.4,0.5,-19.1,-11.0,-15.9,-17.4,-13.3,-12.2,-12.9,,-12.5,-13.5,-12.9,-12.2,-14.6,,,,,,,,,,,,
,BFSI,IREDA,141,NSE:IREDA,120,-1.0,,-14.8,4.4,-8.1,-10.2,-22.6,-1.5,-7.7,-8.4,-14.5,-14.0,-14.8,,-12.5,-14.4,-14.1,-13.7,-14.8,,,,,,,,,,,,
2,OIL REFINE,IOC,167,NSE:IOC,142,-0.1,,-14.9,-0.5,-4.9,7.8,-18.7,-13.0,-14.8,-16.8,-15.5,-16.4,-16.5,,-14.5,-15.1,-14.5,-14.4,-14.9,,,,,,,,,,,,
3,CHEMICAL,SRF,3081,NSE:SRF,2617,-0.3,,-15.1,-0.9,-14.7,-15.9,-20.8,-17.9,-10.8,-11.0,-14.3,-14.2,-15.4,,-14.4,-15.1,-14.2,-14.9,-15.1,,,,,,,,,,,,
,GOODS,PIIND,3253,NSE:PIIND,2760,-1.3,,-15.1,-0.1,-2.4,-4.5,-16.4,-3.9,-12.6,-21.3,-16.8,-15.5,-14.5,,-13.6,-13.7,-13.4,-13.9,-15.1,,,,,,,,,,,,
1,BFSI,CANBK,155,NSE:CANBK,132,-0.1,,-15.2,0.2,-0.1,1.2,-20.3,-11.5,-14.0,-18.9,-19.8,-19.8,-19.7,,-18.2,-17.7,-17.2,-15.2,-15.2,,,,,,,,,,,,
,CEMENT,DALBHARAT,2155,NSE:DALBHARAT,1825,0.1,,-15.3,-0.2,-2.2,-3.6,-16.9,-10.2,-17.1,-21.1,-15.8,-15.8,-16.6,,-15.2,-15.6,-15.3,-15.1,-15.3,,,,,,,,,,,,
0,GENERAL,RELIANCE,1577,NSE:RELIANCE,1329,0.3,,-15.7,1.0,-14.0,-9.3,-14.5,-11.7,-14.0,-17.9,-19.4,-19.0,-18.2,,-17.0,-18.2,-18.8,-16.2,-15.7,,,,,,,,,,,,
1,BFSI,BANKBARODA,298,NSE:BANKBARODA,250,-0.4,,-16.1,2.6,1.6,5.0,-17.1,-9.8,-9.1,-8.3,-19.7,-18.4,-18.8,,-17.3,-17.4,-17.4,-16.1,-16.1,,,,,,,,,,,,
1,IT,HCLTECH,1618,NSE:HCLTECH,1349,1.1,,-16.6,1.3,5.9,-17.0,-16.9,-25.8,-28.1,-33.7,-18.4,-17.1,-16.5,,-15.6,-16.1,-17.2,-17.4,-16.6,,,,,,,,,,,,
1,AUTO,MARUTI,16827,NSE:MARUTI,14015,-0.5,,-16.7,0.8,-10.4,-11.3,-27.2,-23.4,-21.3,-15.9,-18.0,-17.2,-15.7,,-16.2,-16.2,-15.8,-16.6,-16.7,,,,,,,,,,,,
,BFSI,ICICIGI,1974,NSE:ICICIGI,1632,-1.6,,-17.3,-0.1,-8.9,-3.6,-13.5,-9.8,-5.8,-12.2,-13.9,-16.6,-17.3,,-16.8,-16.9,-15.4,-16.5,-17.3,,,,,,,,,,,,
2,OIL,BPCL,386,NSE:BPCL,319,-1.5,,-17.4,-1.2,-7.8,-2.9,-27.1,-20.1,-21.0,-21.2,-17.1,-17.9,-18.1,,-15.4,-16.5,-15.7,-15.8,-17.4,,,,,,,,,,,,
3,FMCG,DABUR,507,NSE:DABUR,412,0.2,,-18.7,3.5,1.7,2.0,-19.1,-11.3,-11.8,-16.7,-16.0,-14.3,-15.7,,-16.3,-19.6,-18.5,-18.5,-18.7,,,,,,,,,,,,
,FMCG,VMM,136,NSE:VMM,109,-0.9,,-20.2,,,,-22.2,-7.0,-10.9,-12.9,-19.6,-20.4,-20.7,,-18.5,-18.2,-18.3,-19.1,-20.2,,,,,,,,,,,,
2,OIL,HINDPETRO,502,NSE:HINDPETRO,393,-0.4,,-21.6,-0.9,-19.3,-10.8,-33.1,-24.2,-20.8,-21.4,-20.2,-21.7,-22.5,,-21.6,-21.8,-21.4,-21.1,-21.6,,,,,,,,,,,,
5,REALITY,NBCC,122,NSE:NBCC,95,-1.1,,-22.1,0.4,-25.4,-22.4,-36.4,-22.4,-21.5,-14.1,-22.7,-22.7,-23.3,,-22.0,-22.4,-21.5,-21.2,-22.1,,,,,,,,,,,,
2,CEMENT,AMBUJACEM,559,NSE:AMBUJACEM,434,-0.6,,-22.3,1.3,-4.9,-7.6,-28.1,-17.7,-19.4,-24.3,-23.8,-22.2,-22.0,,-20.9,-21.2,-20.7,-21.9,-22.3,,,,,,,,,,,,
3,IT,LTM,6083,NSE:LTM,4675,3.3,,-23.1,0.0,-1.6,-25.7,-33.8,-28.5,-34.5,-41.8,-29.2,-27.5,-27.0,,-23.4,-25.1,-25.6,-25.6,-23.1,,,,,,,,,,,,
T,BFSI,SBICARD,866,NSE:SBICARD,660,-0.1,,-23.8,1.2,-12.2,-9.5,-26.5,-25.2,-27.2,-31.2,-24.2,-23.6,-24.0,,-22.6,-23.6,-23.2,-23.7,-23.8,,,,,,,,,,,,
1,IT,TCS,3223,NSE:TCS,2455,3.5,,-23.8,0.7,-1.8,-19.9,-26.6,-24.0,-29.2,-36.9,-25.6,-24.3,-24.5,,-24.0,-24.2,-25.1,-26.3,-23.8,,,,,,,,,,,,
E,GENERAL,IRCTC,688,NSE:IRCTC,520,-0.1,,-24.4,1.0,-12.5,-10.6,-28.0,-20.9,-21.8,-26.9,-29.3,-27.8,-28.2,,-26.4,-25.9,-25.7,-24.3,-24.4,,,,,,,,,,,,
1,BFSI,MUTHOOTFIN,3837,NSE:MUTHOOTFIN,2883,-0.4,,-24.9,-0.3,0.8,-8.8,-16.9,-8.9,-12.9,-21.8,-21.1,-21.3,-21.5,,-24.6,-25.1,-24.4,-24.6,-24.9,,,,,,,,,,,,
,BFSI,ICICIPRULI,671,NSE:ICICIPRULI,502,-1.0,,-25.2,1.0,-5.2,-1.5,-23.9,-22.2,-22.1,-26.9,-24.0,-23.6,-23.8,,-22.6,-24.3,-23.4,-24.5,-25.2,,,,,,,,,,,,
1,BFSI,HDFCBANK,998,NSE:HDFCBANK,732,-0.3,,-26.6,0.2,-7.5,-8.7,-26.4,-21.6,-21.8,-19.8,-26.2,-25.0,-24.5,,-24.7,-26.0,-26.4,-26.5,-26.6,,,,,,,,,,,,
,FOOD DELI,SWIGGY,388,NSE:SWIGGY,280,-3.0,,-27.7,-0.1,-22.5,-18.9,-32.1,-26.4,-34.2,-38.1,-30.3,-26.1,-24.2,,-25.7,-25.0,-25.9,-25.9,-27.7,,,,,,,,,,,,
1,IT,INFY,1626,NSE:INFY,1175,0.9,,-27.8,1.0,3.6,-21.3,-23.3,-29.2,-28.3,-38.1,-32.1,-29.1,-29.0,,-28.0,-28.8,-28.1,-28.3,-27.8,,,,,,,,,,,,
2,IT,TATAELXSI,5250,NSE:TATAELXSI,3780,1.8,,-28.0,2.3,3.5,-13.9,-24.3,-21.1,-17.4,-27.1,-31.9,-30.0,-30.4,,-28.3,-28.8,-28.6,-29.0,-28.0,,,,,,,,,,,,
3,CHEMICAL,UPL,798,NSE:UPL,572,-0.2,,-28.4,0.7,-11.3,-20.9,-28.8,-19.0,-17.9,-28.4,-24.7,-23.8,-24.5,,-22.1,-27.1,-27.4,-28.0,-28.4,,,,,,,,,,,,
,BFSI,HDFCLIFE,754,NSE:HDFCLIFE,538,-0.8,,-28.6,-0.1,-4.0,-1.8,-21.3,-21.7,-17.8,-23.7,-25.8,-26.0,-27.7,,-27.0,-29.1,-28.3,-28.0,-28.6,,,,,,,,,,,,
2,IT,WIPRO,262,NSE:WIPRO,187,0.3,,-28.8,2.5,-11.4,-23.6,-28.7,-23.1,-22.4,-35.1,-31.0,-30.1,-28.9,,-28.1,-28.5,-28.7,-29.1,-28.8,,,,,,,,,,,,
,BFSI,IRFC,125,NSE:IRFC,89,-0.6,,-29.0,2.7,-8.6,-12.0,-30.1,-15.9,-20.6,-27.4,-30.1,-28.4,-28.9,,-27.8,-28.2,-28.9,-28.5,-29.0,,,,,,,,,,,,
1,FMCG,ITC,405,NSE:ITC,285,-0.4,,-29.7,-15.8,-26.7,-20.0,-28.8,-24.9,-25.5,-29.1,-29.7,-29.4,-29.5,,-29.3,-29.3,-29.2,-29.7,-29.7,,,,,,,,,,,,
,RAIL INFRA,RVNL,353,NSE:RVNL,233,-0.7,,-33.9,3.4,-8.3,-9.0,-29.2,-12.5,-26.3,-33.1,-37.3,-36.4,-36.8,,-34.0,-34.4,-35.2,-33.4,-33.9,,,,,,,,,,,,
5,FMCG,PATANJALI,548,NSE:PATANJALI,355,-0.1,,-35.3,1.7,-9.6,-4.7,-16.6,-15.4,-15.2,-25.4,-37.6,-34.9,-35.3,,-34.2,-34.7,-35.2,-35.2,-35.3,,,,,,,,,,,,
,POWER,INOXWIND,125,NSE:INOXWIND,78,-0.7,,-37.6,2.4,-18.7,-23.3,-39.5,-16.8,-22.5,-27.6,-39.0,-38.3,-39.7,,-36.3,-36.3,-36.9,-37.2,-37.6,,,,,,,,,,,,
3,GOODS,TRENT,4825,NSE:TRENT,2996,-3.6,,-37.9,2.5,-12.5,-8.4,-23.1,-0.6,-1.2,-32.2,-39.3,-37.8,-37.7,,-37.0,-36.2,-35.5,-35.6,-37.9,,,,,,,,,,,,
E,PHARMA,SYNGENE,653,NSE:SYNGENE,401,0.2,,-38.7,0.4,-33.9,-33.1,-40.4,-32.6,-29.0,-32.8,-37.4,-36.7,-38.8,,-38.5,-37.0,-37.8,-38.8,-38.7,,,,,,,,,,,,
,IT,KPITTECH,1173,NSE:KPITTECH,630,1.1,,-46.3,-0.4,-5.6,-35.2,-45.9,-37.2,-32.6,-42.8,-48.4,-45.6,-49.6,,-47.2,-46.7,-46.7,-47.1,-46.3,,,,,,,,,,,,